Rank,Strategy ID,Strategy Name,Type,Total Trades,Win Rate %,Total Return %,Avg Monthly Return %,Median Monthly Return %,Profit Factor,Avg Win %,Avg Loss %,Max Drawdown %,Sharpe Ratio,Final Capital,Avg Trade Duration
1,hybrid_803_2,Hybrid 803 - VOLUME+BB+MACD,hybrid,1066,77.39,367.95,49.45,49.2,6.32,7.52,4.21,1.88,4.85,46795.14,8.5
2,macd_732_21,MACD 732 - 8/21/9,macd,525,71.43,358.62,49.44,47.77,8.1,14.72,4.57,2.77,4.1,45861.94,18.3
3,breakout_375_84,Breakout 375 - 15m 100p,breakout,484,82.44,323.36,44.54,44.7,13.37,16.01,5.77,1.28,3.73,42336.44,23.2
4,macd_798_87,MACD 798 - 8/21/9,macd,490,81.84,320.47,44.5,47.01,12.3,14.99,5.38,1.71,4.56,42047.24,20.4
5,hybrid_884_83,Hybrid 884 - MACD+BB+ATR,hybrid,1383,74.26,308.51,43.55,47.64,6.61,9.64,4.18,0.83,4.3,40850.85,11.9
6,momentum_26_25,Momentum Strategy 26 - 15m 14p,momentum,1921,63.25,288.27,41.44,41.5,5.15,10.18,3.39,0.86,3.38,38826.55,10.7
7,hybrid_893_92,Hybrid 893 - MACD+VOLUME+EMA,hybrid,462,76.19,284.29,41.17,31.5,9.31,15.34,4.8,2.44,4.12,38428.84,21.1
8,macd_782_71,MACD 782 - 8/30/7,macd,450,82.0,278.81,40.38,41.05,9.55,11.7,5.44,2.39,4.06,37880.94,17.7
9,momentum_119_118,Momentum Strategy 119 - 15m 30p,momentum,742,62.94,274.97,40.31,39.76,7.32,15.06,3.36,0.88,3.59,37496.68,16.2
10,volume_600_79,Volume Strategy 600 - 15m,volume_based,1475,78.44,258.06,39.25,42.76,4.85,6.22,4.63,1.0,2.98,35805.6,8.1
11,breakout_329_38,Breakout 329 - 15m 100p,breakout,798,80.95,245.55,39.02,35.43,8.11,9.83,5.28,1.29,3.18,34554.96,13.8
12,hybrid_828_27,Hybrid 828 - RSI+MACD+VOLUME,hybrid,706,72.1,252.16,38.42,37.29,6.21,9.73,4.08,2.9,3.84,35215.67,12.6
13,macd_761_50,MACD 761 - 8/30/9,macd,490,83.67,226.12,35.67,36.74,13.2,13.62,5.17,2.03,4.32,32611.85,20.1
14,breakout_346_55,Breakout 346 - 15m 20p,breakout,563,83.84,230.34,35.65,33.69,8.94,11.13,6.41,0.8,3.29,33034.44,17.3
15,breakout_377_86,Breakout 377 - 15m 50p,breakout,890,75.39,231.65,35.34,32.88,7.32,8.91,3.83,0.86,3.29,33164.78,10.2
16,macd_731_20,MACD 731 - 12/30/11,macd,384,82.81,225.89,35.17,29.14,11.01,12.48,5.5,1.95,4.94,32588.88,15.6
17,momentum_131_130,Momentum Strategy 131 - 15m 50p,momentum,637,80.85,216.16,34.35,33.98,14.57,14.24,4.07,0.59,3.98,31615.92,19.1
18,macd_730_19,MACD 730 - 15/30/11,macd,487,73.31,214.25,34.14,38.03,8.97,13.06,4.05,1.9,4.39,31425.43,15.7
19,macd_719_8,MACD 719 - 15/30/7,macd,571,83.71,204.48,33.19,30.19,7.96,10.72,6.53,2.09,3.89,30447.76,17.1
20,hybrid_848_47,Hybrid 848 - EMA+VOLUME+RSI,hybrid,429,83.22,200.68,32.86,38.64,8.86,11.19,6.45,2.7,3.82,30067.62,17.5
21,volume_530_9,Volume Strategy 530 - 15m,volume_based,717,72.52,204.37,32.85,34.01,6.73,11.13,4.38,0.95,3.26,30437.17,13.4
22,macd_749_38,MACD 749 - 15/26/7,macd,544,68.38,186.51,31.66,31.6,5.84,9.56,3.51,1.77,4.24,28650.5,10.7
23,btc_corr_514_103,BTC Correlation 514 - Negative,btc_correlation,319,77.43,187.9,31.62,33.58,10.45,14.41,5.08,2.71,3.85,28790.19,20.8
24,hybrid_856_55,Hybrid 856 - ATR+EMA+RSI,hybrid,345,78.55,182.27,30.94,26.86,12.03,16.58,4.66,1.57,4.19,28226.67,23.4
25,hybrid_871_70,Hybrid 871 - MACD+ATR+RSI,hybrid,401,82.54,180.16,30.5,32.33,11.25,14.52,6.03,2.43,3.7,28015.73,23.8
26,hybrid_876_75,Hybrid 876 - RSI+MACD+BB,hybrid,683,83.75,177.48,29.86,29.09,8.99,9.91,5.78,1.78,4.35,27747.67,14.1
27,volume_547_26,Volume Strategy 547 - 1h,volume_based,418,62.44,154.67,29.65,23.2,4.73,11.26,3.71,2.97,3.01,25467.4,11.2
28,momentum_127_126,Momentum Strategy 127 - 1h 50p,momentum,386,66.84,155.9,29.55,23.44,6.9,12.62,3.89,4.92,2.78,25589.55,17.8
29,btc_corr_423_12,BTC Correlation 423 - Stable,btc_correlation,433,75.98,168.45,29.17,35.23,8.4,12.77,4.81,1.64,3.76,26845.26,18.0
30,momentum_25_24,Momentum Strategy 25 - 1h 10p,momentum,436,71.79,155.05,28.58,20.36,9.7,12.35,3.22,2.24,3.73,25505.31,15.0
31,momentum_120_119,Momentum Strategy 120 - 1h 30p,momentum,414,64.49,158.2,28.57,18.64,7.51,13.69,3.41,2.32,3.61,25819.52,14.0
32,volume_586_65,Volume Strategy 586 - 15m,volume_based,1210,76.12,166.3,28.56,27.89,4.49,5.8,4.12,0.83,3.04,26630.18,7.1
33,momentum_16_15,Momentum Strategy 16 - 15m 20p,momentum,651,71.74,161.91,27.88,29.23,9.59,14.54,3.86,0.9,3.63,26190.79,18.1
34,macd_754_43,MACD 754 - 8/30/9,macd,464,80.39,154.2,27.19,27.43,12.21,13.24,4.59,1.5,4.63,25420.28,17.4
35,btc_corr_480_69,BTC Correlation 480 - Negative,btc_correlation,417,71.22,147.62,26.74,23.49,6.89,11.98,4.26,1.53,3.81,24762.32,15.1
36,macd_714_3,MACD 714 - 8/26/11,macd,311,70.1,149.57,26.41,23.0,7.13,14.72,4.6,2.01,3.88,24956.89,18.8
37,macd_788_77,MACD 788 - 8/30/7,macd,792,78.28,151.73,26.32,28.18,8.15,8.54,3.81,1.05,4.95,25173.07,9.7
38,breakout_394_103,Breakout 394 - 1h 100p,breakout,225,82.67,144.79,26.29,18.27,20.52,15.39,3.72,1.42,4.46,24479.4,18.9
39,momentum_54_53,Momentum Strategy 54 - 15m 10p,momentum,862,80.63,148.74,26.21,28.64,14.16,14.32,4.21,0.55,3.68,24873.75,21.0
40,momentum_102_101,Momentum Strategy 102 - 15m 50p,momentum,2595,69.25,149.34,26.11,25.21,4.57,6.69,3.4,0.71,3.43,24934.44,6.8
41,macd_713_2,MACD 713 - 15/21/9,macd,567,64.37,145.48,25.94,26.06,5.72,13.3,4.01,1.84,3.62,24548.42,16.2
42,momentum_75_74,Momentum Strategy 75 - 1h 14p,momentum,430,66.05,142.8,25.93,25.66,7.65,13.17,3.59,1.91,3.57,24280.45,14.9
43,momentum_113_112,Momentum Strategy 113 - 1h 14p,momentum,291,74.57,144.41,25.76,26.45,8.08,13.92,4.89,2.56,3.5,24440.88,17.5
44,hybrid_860_59,Hybrid 860 - BB+RSI+VOLUME,hybrid,812,74.26,144.79,25.71,26.05,5.55,8.29,4.15,1.33,4.4,24479.43,9.5
45,breakout_307_16,Breakout 307 - 1h 50p,breakout,219,69.86,140.74,25.58,23.82,12.29,18.46,3.43,1.53,4.13,24073.87,18.0
46,breakout_350_59,Breakout 350 - 1h 10p,breakout,216,71.76,134.78,24.82,21.1,14.45,19.33,3.43,1.1,4.19,23478.03,20.2
47,btc_corr_463_52,BTC Correlation 463 - Negative,btc_correlation,258,76.36,136.79,24.44,26.91,10.01,15.19,5.12,1.64,4.05,23678.99,20.3
48,breakout_327_36,Breakout 327 - 1h 50p,breakout,185,84.86,132.48,24.22,30.66,18.69,18.79,6.5,1.53,3.76,23247.82,29.0
49,momentum_38_37,Momentum Strategy 38 - 1h 14p,momentum,451,73.39,126.94,24.04,16.44,5.82,9.1,4.23,1.4,3.37,22693.69,11.7
50,hybrid_888_87,Hybrid 888 - RSI+ATR+BB,hybrid,801,84.27,131.64,23.74,24.14,7.05,6.71,5.25,1.47,4.32,23164.09,9.4
51,breakout_332_41,Breakout 332 - 1h 20p,breakout,200,80.0,131.25,23.36,24.76,13.51,18.33,5.64,1.35,3.83,23124.61,25.2
52,hybrid_827_26,Hybrid 827 - VOLUME+EMA+RSI,hybrid,619,74.31,125.74,23.14,24.6,6.27,8.47,3.87,1.33,4.62,22573.52,9.5
53,btc_corr_472_61,BTC Correlation 472 - Stable,btc_correlation,293,82.94,125.17,22.89,21.58,10.91,11.34,4.86,2.08,4.02,22516.78,16.5
54,momentum_34_33,Momentum Strategy 34 - 1h 50p,momentum,375,72.53,111.54,22.62,14.83,6.31,10.04,4.2,2.7,3.16,21153.65,13.4
55,momentum_57_56,Momentum Strategy 57 - 1h 30p,momentum,357,72.55,115.17,22.31,13.24,6.23,10.5,4.55,1.97,3.29,21516.6,12.6
56,volume_615_94,Volume Strategy 615 - 1h,volume_based,336,76.19,121.42,22.25,22.66,8.79,12.41,4.45,1.42,3.91,22141.76,14.0
57,volume_521_0,Volume Strategy 521 - 1h,volume_based,305,84.59,115.18,22.01,17.99,14.64,13.04,4.92,1.56,3.64,21518.02,18.2
58,volume_551_30,Volume Strategy 551 - 1h,volume_based,406,74.14,108.82,21.81,16.73,6.89,8.74,3.64,1.71,3.42,20881.63,9.4
59,volume_581_60,Volume Strategy 581 - 1h,volume_based,463,68.03,113.0,21.78,22.24,6.58,10.07,3.53,2.11,3.24,21300.15,11.1
60,momentum_28_27,Momentum Strategy 28 - 1h 50p,momentum,603,78.61,106.26,21.61,19.13,6.05,7.53,4.63,1.4,3.41,20625.61,10.4
61,breakout_303_12,Breakout 303 - 1h 30p,breakout,192,80.21,111.62,21.41,21.04,10.97,14.85,5.52,1.72,3.31,21162.47,22.8
62,momentum_17_16,Momentum Strategy 17 - 1h 20p,momentum,457,80.53,108.8,21.36,26.17,5.79,6.97,4.95,2.38,3.16,20879.77,8.9
63,macd_753_42,MACD 753 - 12/26/11,macd,403,69.73,111.59,20.78,20.58,9.01,13.58,3.49,0.87,4.63,21159.2,15.0
64,volume_588_67,Volume Strategy 588 - 1h,volume_based,548,68.07,101.57,20.73,12.77,3.89,6.35,3.46,3.48,2.96,20157.5,6.3
65,btc_corr_475_64,BTC Correlation 475 - Divergence,btc_correlation,439,80.41,109.94,20.55,19.13,10.5,12.18,4.59,1.16,4.11,20993.84,16.6
66,momentum_42_41,Momentum Strategy 42 - 1h 10p,momentum,583,73.41,105.51,20.48,17.87,7.34,8.41,2.95,0.91,4.51,20550.62,8.4
67,hybrid_862_61,Hybrid 862 - MACD+EMA+RSI,hybrid,236,84.32,108.09,20.47,21.15,12.41,12.26,5.4,1.44,4.61,20808.63,17.2
68,momentum_21_20,Momentum Strategy 21 - 1h 14p,momentum,309,77.99,106.71,20.08,19.77,11.6,13.95,4.42,1.64,3.84,20670.88,19.2
69,btc_corr_496_85,BTC Correlation 496 - Stable,btc_correlation,360,81.67,101.07,19.86,19.87,9.85,12.69,6.09,1.36,4.07,20106.95,17.8
70,btc_corr_438_27,BTC Correlation 438 - Divergence,btc_correlation,405,82.47,103.32,19.63,17.79,6.45,7.94,5.6,2.07,4.04,20332.15,11.0
71,breakout_407_116,Breakout 407 - 1h 20p,breakout,200,75.0,99.68,19.59,12.51,7.43,11.59,4.78,1.53,3.27,19968.35,14.5
72,momentum_94_93,Momentum Strategy 94 - 1h 20p,momentum,371,74.93,100.57,19.56,19.6,11.2,12.46,3.21,0.83,4.15,20056.89,14.8
73,macd_776_65,MACD 776 - 15/21/9,macd,391,76.98,98.28,19.53,14.91,6.82,12.32,5.9,1.61,3.36,19828.34,19.5
74,volume_558_37,Volume Strategy 558 - 1h,volume_based,196,83.67,94.99,19.01,15.62,7.81,11.52,6.96,1.85,3.12,19498.8,17.9
75,momentum_90_89,Momentum Strategy 90 - 1h 10p,momentum,303,72.94,96.84,18.98,16.46,9.07,14.43,4.32,1.82,3.47,19683.66,18.5
76,momentum_121_120,Momentum Strategy 121 - 15m 14p,momentum,821,76.86,96.51,18.73,17.65,8.69,11.11,4.31,0.43,3.79,19650.91,13.8
77,momentum_108_107,Momentum Strategy 108 - 1h 50p,momentum,356,78.37,94.17,18.52,16.27,10.53,11.12,3.9,1.73,3.81,19417.01,13.8
78,macd_734_23,MACD 734 - 8/30/7,macd,468,82.48,96.03,18.44,18.13,6.31,7.99,5.8,1.15,3.72,19603.49,12.8
79,breakout_388_97,Breakout 388 - 1h 20p,breakout,203,80.79,95.21,18.39,18.42,8.54,9.97,4.93,1.99,2.87,19520.84,15.6
80,btc_corr_421_10,BTC Correlation 421 - Stable,btc_correlation,435,72.87,94.72,18.19,16.68,8.11,13.28,4.26,1.33,3.8,19471.79,17.5
81,volume_609_88,Volume Strategy 609 - 1h,volume_based,226,81.86,86.03,18.04,14.68,6.9,9.35,6.19,3.05,2.77,18602.71,15.3
82,breakout_324_33,Breakout 324 - 1h 100p,breakout,214,75.7,89.34,17.91,13.17,11.41,16.37,4.51,1.26,3.82,18933.68,19.6
83,hybrid_834_33,Hybrid 834 - EMA+MACD+VOLUME,hybrid,722,72.58,91.52,17.78,17.22,5.42,7.44,3.51,0.83,4.6,19151.91,8.2
84,macd_715_4,MACD 715 - 12/21/11,macd,299,68.56,90.1,17.71,16.58,6.42,11.85,3.87,1.04,4.23,19010.47,13.4
85,breakout_360_69,Breakout 360 - 1h 20p,breakout,207,71.01,83.1,17.67,13.25,8.73,15.93,4.39,1.49,3.56,18309.85,18.9
86,hybrid_805_4,Hybrid 805 - BB+RSI+EMA,hybrid,280,67.14,87.56,17.43,19.64,8.2,17.21,4.26,1.35,3.88,18755.96,20.8
87,breakout_384_93,Breakout 384 - 1h 20p,breakout,183,82.51,84.15,16.8,14.01,12.7,13.16,5.07,1.5,3.58,18415.01,19.8
88,hybrid_812_11,Hybrid 812 - RSI+EMA+MACD,hybrid,330,75.76,84.41,16.7,14.64,11.86,14.62,3.9,1.04,4.62,18441.04,17.9
89,momentum_45_44,Momentum Strategy 45 - 1h 50p,momentum,475,67.79,79.52,16.54,14.93,5.96,9.12,3.19,1.66,3.48,17952.34,9.9
90,momentum_77_76,Momentum Strategy 77 - 1h 20p,momentum,356,78.37,79.74,16.32,17.12,7.87,10.2,4.94,1.41,3.37,17973.9,13.6
91,momentum_23_22,Momentum Strategy 23 - 1h 30p,momentum,256,71.88,80.47,16.12,18.27,7.68,12.67,3.98,1.41,3.46,18046.86,17.0
92,volume_603_82,Volume Strategy 603 - 1h,volume_based,331,72.21,73.95,16.08,12.36,5.16,7.45,3.58,1.66,3.04,17394.54,9.3
93,breakout_398_107,Breakout 398 - 1h 10p,breakout,112,78.57,81.15,16.06,16.75,12.39,17.59,4.76,1.18,3.63,18114.78,24.4
94,volume_606_85,Volume Strategy 606 - 1h,volume_based,442,80.32,73.07,16.02,12.94,6.77,7.49,4.82,1.89,2.97,17306.74,9.8
95,macd_733_22,MACD 733 - 8/26/9,macd,352,78.12,79.74,15.95,15.92,8.58,11.99,5.09,1.07,4.09,17974.49,16.8
96,momentum_63_62,Momentum Strategy 63 - 1h 14p,momentum,764,72.64,74.25,15.76,12.04,4.52,5.9,3.49,1.33,3.47,17424.98,5.9
97,volume_604_83,Volume Strategy 604 - 1h,volume_based,366,67.21,74.41,15.56,11.84,5.99,9.79,3.24,1.7,3.14,17441.05,10.7
98,momentum_101_100,Momentum Strategy 101 - 1h 30p,momentum,437,55.84,74.74,15.34,11.56,6.62,14.93,2.81,1.27,3.27,17474.31,14.6
99,btc_corr_504_93,BTC Correlation 504 - Divergence,btc_correlation,378,76.19,75.54,15.29,15.39,9.97,13.94,4.36,1.37,4.37,17553.7,16.7
100,breakout_386_95,Breakout 386 - 1h 10p,breakout,179,67.04,73.74,15.24,10.45,8.78,15.03,3.64,1.39,3.43,17373.58,16.0
101,momentum_58_57,Momentum Strategy 58 - 1h 30p,momentum,594,79.8,74.24,15.19,19.07,6.24,6.61,4.18,0.96,3.99,17423.61,7.3
102,volume_596_75,Volume Strategy 596 - 1h,volume_based,535,72.9,73.3,15.14,13.0,5.78,7.8,3.56,1.49,3.53,17329.72,8.0
103,breakout_367_76,Breakout 367 - 1h 50p,breakout,176,68.18,70.71,14.67,16.84,9.07,18.05,4.27,1.93,3.29,17070.93,20.9
104,breakout_392_101,Breakout 392 - 1h 30p,breakout,141,76.6,70.14,14.46,12.99,11.36,19.25,5.66,1.26,3.44,17013.76,26.7
105,momentum_115_114,Momentum Strategy 115 - 1h 14p,momentum,438,79.0,68.22,14.22,15.16,7.91,10.51,4.9,1.21,3.5,16821.61,14.0
106,momentum_148_147,Momentum Strategy 148 - 1h 10p,momentum,290,80.69,68.73,14.18,15.34,10.19,11.17,4.66,0.83,4.0,16872.52,14.3
107,volume_602_81,Volume Strategy 602 - 1h,volume_based,317,81.39,66.84,14.12,13.42,8.16,9.5,5.16,1.4,3.29,16683.92,12.9
108,momentum_81_80,Momentum Strategy 81 - 1h 50p,momentum,504,81.55,63.6,13.35,14.53,8.41,8.36,4.37,1.29,3.46,16360.27,12.2
109,btc_corr_489_78,BTC Correlation 489 - Positive,btc_correlation,374,83.96,62.76,13.2,14.79,6.26,8.19,6.52,1.12,3.59,16275.96,12.8
110,volume_533_12,Volume Strategy 533 - 1h,volume_based,147,81.63,60.56,12.95,10.65,14.25,13.09,4.23,1.13,3.71,16055.54,18.8
111,volume_597_76,Volume Strategy 597 - 1h,volume_based,593,71.33,61.12,12.87,13.65,3.13,5.35,4.11,3.06,2.38,16112.15,6.4
112,btc_corr_457_46,BTC Correlation 457 - Divergence,btc_correlation,432,84.03,60.57,12.74,15.17,5.53,6.27,5.92,1.26,3.55,16057.31,9.1
113,btc_corr_450_39,BTC Correlation 450 - Positive,btc_correlation,281,75.44,59.94,12.67,11.13,4.81,7.92,4.88,1.66,3.31,15994.22,11.4
114,hybrid_809_8,Hybrid 809 - RSI+MACD+EMA,hybrid,420,77.14,60.5,12.65,13.43,4.99,7.17,4.78,1.09,4.03,16049.53,9.3
115,breakout_378_87,Breakout 378 - 1h 100p,breakout,131,75.57,56.49,12.49,10.98,10.54,19.15,5.14,1.3,3.22,15649.24,28.8
116,volume_594_73,Volume Strategy 594 - 1h,volume_based,364,71.7,55.9,12.07,8.52,5.64,8.2,3.68,0.84,3.53,15589.73,8.6
117,momentum_36_35,Momentum Strategy 36 - 1h 20p,momentum,174,76.44,55.8,11.93,9.85,9.36,13.21,4.66,1.3,3.77,15580.15,17.8
118,macd_789_78,MACD 789 - 15/30/11,macd,121,82.64,52.24,11.91,18.07,15.17,13.32,4.24,1.14,5.6,15224.12,14.9
119,volume_560_39,Volume Strategy 560 - 1h,volume_based,269,76.95,53.04,11.87,9.18,5.54,8.64,5.16,1.45,2.92,15304.4,11.4
120,breakout_397_106,Breakout 397 - 1h 30p,breakout,207,83.57,54.06,11.56,12.25,9.73,10.87,5.79,1.15,3.01,15406.3,18.7
121,hybrid_854_53,Hybrid 854 - EMA+MACD+ATR,hybrid,513,67.45,53.28,11.42,12.49,4.11,6.97,3.54,0.84,3.89,15327.68,7.7
122,momentum_88_87,Momentum Strategy 88 - 1h 10p,momentum,424,79.48,52.94,11.38,13.26,8.24,10.03,4.82,1.34,3.21,15293.65,15.3
123,volume_532_11,Volume Strategy 532 - 1h,volume_based,174,80.46,51.72,11.33,6.82,7.32,9.1,5.21,1.02,3.39,15172.42,10.8
124,btc_corr_492_81,BTC Correlation 492 - Divergence,btc_correlation,357,74.51,51.62,11.2,10.29,6.64,10.5,4.67,0.8,4.03,15162.48,12.5
125,momentum_106_105,Momentum Strategy 106 - 1h 10p,momentum,193,59.59,51.36,11.16,11.62,7.41,14.28,2.89,0.82,3.46,15135.74,15.0
126,momentum_122_121,Momentum Strategy 122 - 1h 14p,momentum,274,82.12,52.12,11.13,10.73,10.37,11.71,4.92,0.89,3.98,15212.12,15.0
127,momentum_117_116,Momentum Strategy 117 - 1h 50p,momentum,217,84.79,50.87,11.11,11.99,14.0,10.22,4.11,0.72,4.3,15087.02,13.4
128,breakout_330_39,Breakout 330 - 1h 20p,breakout,110,60.91,49.33,11.09,11.7,7.09,17.53,3.82,1.4,2.81,14932.71,20.4
129,momentum_18_17,Momentum Strategy 18 - 1h 14p,momentum,582,84.88,50.63,11.01,11.06,7.98,7.02,4.91,1.0,3.39,15062.92,10.0
130,breakout_395_104,Breakout 395 - 1h 50p,breakout,168,73.21,48.13,10.9,5.65,5.04,8.49,4.37,1.12,2.93,14813.44,11.0
131,macd_764_53,MACD 764 - 12/26/7,macd,149,73.15,46.12,10.84,16.08,8.96,13.18,3.97,1.99,4.49,14611.75,15.5
132,breakout_347_56,Breakout 347 - 1h 20p,breakout,262,82.44,49.76,10.7,10.87,8.88,9.93,5.18,0.71,3.46,14976.43,14.4
133,momentum_86_85,Momentum Strategy 86 - 1h 10p,momentum,255,81.57,49.04,10.62,9.48,7.24,8.4,5.07,0.92,3.62,14903.53,11.9
134,volume_541_20,Volume Strategy 541 - 1h,volume_based,336,75.0,49.22,10.58,10.53,5.27,6.77,3.84,0.82,3.05,14921.88,7.8
135,momentum_92_91,Momentum Strategy 92 - 1h 50p,momentum,488,84.43,48.98,10.54,9.47,10.47,9.15,4.69,0.84,3.66,14898.18,14.2
136,btc_corr_411_0,BTC Correlation 411 - Stable,btc_correlation,571,77.76,47.91,10.47,11.33,4.37,6.54,5.19,1.14,3.19,14790.94,8.6
137,volume_616_95,Volume Strategy 616 - 1h,volume_based,252,80.16,47.15,10.25,10.9,7.76,10.2,5.17,0.9,3.55,14715.33,12.8
138,btc_corr_445_34,BTC Correlation 445 - Stable,btc_correlation,323,82.35,46.04,10.04,8.89,7.25,7.29,4.66,0.6,4.38,14604.22,9.1
139,volume_578_57,Volume Strategy 578 - 1h,volume_based,135,79.26,45.72,10.04,11.18,6.78,11.06,5.98,1.47,2.74,14571.7,18.3
140,btc_corr_439_28,BTC Correlation 439 - Negative,btc_correlation,88,79.55,43.24,9.88,9.29,10.09,15.87,5.46,3.06,4.2,14323.79,21.5
141,macd_793_82,MACD 793 - 12/21/11,macd,180,68.89,42.05,9.85,13.31,5.94,9.57,3.45,1.83,4.62,14204.56,9.5
142,volume_613_92,Volume Strategy 613 - 1h,volume_based,157,80.25,43.96,9.7,10.06,11.7,11.57,4.18,0.77,3.57,14395.6,15.0
143,momentum_48_47,Momentum Strategy 48 - 1h 50p,momentum,198,78.28,43.99,9.64,9.2,14.09,14.31,3.72,0.84,3.37,14399.41,21.5
144,btc_corr_414_3,BTC Correlation 414 - Divergence,btc_correlation,202,70.3,43.16,9.51,10.48,6.0,12.3,4.87,0.88,3.42,14315.61,16.9
145,breakout_317_26,Breakout 317 - 1h 50p,breakout,132,64.39,41.92,9.4,10.85,5.3,10.82,3.74,1.13,2.53,14191.99,11.5
146,volume_523_2,Volume Strategy 523 - 1h,volume_based,360,76.39,40.87,9.39,10.41,4.26,5.45,4.1,1.53,2.73,14086.96,6.4
147,volume_608_87,Volume Strategy 608 - 1h,volume_based,178,58.99,42.36,9.33,10.88,6.07,13.04,2.95,1.01,3.1,14236.03,13.2
148,breakout_408_117,Breakout 408 - 1h 30p,breakout,147,78.91,41.91,9.16,9.36,6.2,9.45,5.59,1.23,2.99,14191.45,12.3
149,breakout_301_10,Breakout 301 - 1h 30p,breakout,212,76.89,40.02,8.9,7.5,7.03,8.61,4.13,1.45,3.19,14001.76,10.3
150,hybrid_899_98,Hybrid 899 - VOLUME+MACD+RSI,hybrid,100,84.0,37.39,8.73,12.85,12.87,15.44,6.01,1.2,5.3,13739.08,18.9
151,momentum_126_125,Momentum Strategy 126 - 1h 30p,momentum,362,72.65,36.89,8.41,8.34,3.96,7.49,4.98,1.06,2.68,13688.52,10.2
152,hybrid_801_0,Hybrid 801 - EMA+MACD+BB,hybrid,167,68.86,35.07,8.39,13.41,5.47,11.1,4.39,2.24,3.96,13506.76,12.4
153,btc_corr_478_67,BTC Correlation 478 - Stable,btc_correlation,249,73.09,37.53,8.34,9.19,7.81,11.88,4.01,0.67,4.32,13752.84,13.6
154,hybrid_877_76,Hybrid 877 - VOLUME+EMA+ATR,hybrid,118,68.64,34.63,8.25,12.57,10.22,16.87,3.68,1.06,4.34,13462.65,19.7
155,macd_790_79,MACD 790 - 15/26/7,macd,126,71.43,32.66,8.18,12.98,7.87,12.97,4.12,1.97,3.84,13265.57,17.1
156,volume_526_5,Volume Strategy 526 - 1h,volume_based,329,65.35,35.45,7.97,8.68,4.26,8.6,3.77,0.79,2.81,13545.22,9.7
157,breakout_306_15,Breakout 306 - 1h 50p,breakout,140,83.57,34.7,7.79,9.05,11.48,13.46,5.75,0.53,3.72,13470.48,18.9
158,momentum_100_99,Momentum Strategy 100 - 1h 50p,momentum,258,74.81,34.71,7.75,7.93,6.12,7.84,3.87,0.71,3.31,13470.94,10.5
159,btc_corr_413_2,BTC Correlation 413 - Positive,btc_correlation,92,70.65,31.27,7.66,5.27,8.16,14.34,4.15,1.69,4.49,13127.49,14.7
160,breakout_305_14,Breakout 305 - 1h 50p,breakout,139,82.01,33.24,7.6,5.3,10.96,13.3,5.22,0.67,3.72,13323.52,18.1
161,btc_corr_513_102,BTC Correlation 513 - Divergence,btc_correlation,247,76.92,33.42,7.58,7.05,6.34,10.11,5.24,1.03,3.69,13341.61,13.9
162,macd_748_37,MACD 748 - 12/21/9,macd,182,67.58,31.0,7.47,6.12,5.21,8.23,3.29,1.39,3.36,13100.04,11.0
163,momentum_3_2,Momentum Strategy 3 - 4h 50p,momentum,82,64.63,26.59,7.4,7.95,6.2,14.19,4.13,4.4,3.11,12659.37,15.2
164,btc_corr_454_43,BTC Correlation 454 - Positive,btc_correlation,76,73.68,30.51,7.36,8.25,9.84,16.03,4.58,1.29,4.13,13050.81,20.8
165,btc_corr_515_104,BTC Correlation 515 - Stable,btc_correlation,70,84.29,27.45,7.22,7.88,14.01,14.58,5.68,1.45,3.33,12744.66,28.0
166,volume_565_44,Volume Strategy 565 - 1h,volume_based,161,77.02,31.13,7.04,7.08,9.1,11.89,4.41,0.49,3.51,13112.63,14.3
167,volume_620_99,Volume Strategy 620 - 1h,volume_based,321,68.22,29.93,7.03,5.22,4.14,6.4,3.29,0.96,3.14,12993.45,6.7
168,momentum_105_104,Momentum Strategy 105 - 1h 50p,momentum,194,84.54,30.1,6.84,6.4,14.97,9.17,3.33,0.72,3.58,13009.98,14.0
169,btc_corr_424_13,BTC Correlation 424 - Divergence,btc_correlation,63,84.13,23.7,6.66,8.62,9.61,14.82,8.15,2.24,3.03,12370.09,29.7
170,breakout_320_29,Breakout 320 - 4h 100p,breakout,50,84.0,26.42,6.37,6.75,16.0,13.28,4.46,1.1,4.59,12641.68,15.9
171,btc_corr_447_36,BTC Correlation 447 - Positive,btc_correlation,117,75.21,27.09,6.34,3.74,7.74,11.35,4.48,1.78,4.36,12709.0,12.8
172,momentum_79_78,Momentum Strategy 79 - 4h 20p,momentum,102,74.51,24.78,6.29,7.57,10.88,10.8,2.86,1.06,4.4,12478.12,12.5
173,volume_599_78,Volume Strategy 599 - 1h,volume_based,129,79.84,26.26,6.08,5.89,7.92,11.9,5.85,0.85,2.92,12626.35,18.5
174,btc_corr_425_14,BTC Correlation 425 - Stable,btc_correlation,128,78.91,24.47,6.03,5.62,7.72,8.29,4.0,0.98,4.48,12447.17,9.9
175,btc_corr_484_73,BTC Correlation 484 - Negative,btc_correlation,63,84.13,24.69,5.97,8.26,12.66,13.95,5.91,1.28,4.35,12469.23,19.1
176,hybrid_840_39,Hybrid 840 - ATR+MACD+EMA,hybrid,100,83.0,25.01,5.95,8.94,8.65,12.56,6.8,1.32,4.08,12501.42,18.0
177,macd_721_10,MACD 721 - 12/21/9,macd,132,69.7,24.66,5.92,7.81,5.13,9.04,4.11,1.25,4.23,12466.44,9.8
178,breakout_361_70,Breakout 361 - 1h 30p,breakout,127,78.74,25.28,5.84,4.81,7.37,11.06,5.54,0.74,2.87,12528.11,16.0
179,btc_corr_516_105,BTC Correlation 516 - Positive,btc_correlation,56,83.93,22.47,5.82,5.26,16.26,14.28,4.61,1.0,4.57,12247.01,20.3
180,momentum_129_128,Momentum Strategy 129 - 4h 14p,momentum,74,75.68,22.51,5.75,8.15,7.76,14.79,5.98,1.87,3.47,12251.1,17.5
181,macd_796_85,MACD 796 - 8/30/11,macd,87,81.61,22.88,5.74,9.52,7.99,12.26,6.86,1.58,3.44,12288.39,19.8
182,momentum_67_66,Momentum Strategy 67 - 4h 10p,momentum,79,78.48,21.16,5.73,7.33,8.85,11.39,4.67,1.28,3.45,12115.65,16.3
183,breakout_323_32,Breakout 323 - 1h 50p,breakout,146,83.56,23.33,5.48,5.57,8.33,9.03,5.53,0.68,3.25,12332.64,13.2
184,breakout_356_65,Breakout 356 - 1h 50p,breakout,141,80.85,23.47,5.47,4.61,8.13,9.32,4.91,0.79,3.1,12347.29,13.5
185,breakout_371_80,Breakout 371 - 1h 10p,breakout,143,74.83,22.72,5.45,5.44,7.27,9.81,4.04,0.46,3.14,12271.62,11.5
186,btc_corr_436_25,BTC Correlation 436 - Positive,btc_correlation,115,84.35,22.1,5.29,7.26,6.24,7.52,6.64,1.67,3.11,12210.06,13.7
187,swing_969_18,Swing 969 - 4h Trend,swing,31,64.52,19.87,5.2,3.5,6.24,28.9,7.81,2.9,2.92,11986.79,24.6
188,btc_corr_431_20,BTC Correlation 431 - Stable,btc_correlation,86,73.26,20.44,5.04,4.7,6.3,9.14,3.97,1.36,3.85,12044.03,11.2
189,btc_corr_444_33,BTC Correlation 444 - Positive,btc_correlation,94,68.09,19.66,4.98,6.81,6.63,11.7,3.71,1.38,3.77,11965.56,14.1
190,btc_corr_477_66,BTC Correlation 477 - Divergence,btc_correlation,91,84.62,19.98,4.92,8.05,9.71,12.15,6.66,1.54,3.83,11997.79,19.3
191,hybrid_824_23,Hybrid 824 - VOLUME+ATR+MACD,hybrid,106,68.87,19.28,4.9,8.46,6.37,12.74,4.55,1.21,3.32,11928.49,17.2
192,btc_corr_483_72,BTC Correlation 483 - Divergence,btc_correlation,109,74.31,20.04,4.81,5.1,5.51,7.3,3.77,1.28,3.51,12003.58,8.9
193,hybrid_866_65,Hybrid 866 - RSI+VOLUME+BB,hybrid,99,79.8,18.88,4.8,6.86,7.48,10.97,5.67,1.37,3.48,11888.05,18.1
194,breakout_343_52,Breakout 343 - 1h 100p,breakout,145,55.17,19.5,4.62,3.64,3.83,10.2,3.25,0.86,2.08,11949.8,12.3
195,btc_corr_500_89,BTC Correlation 500 - Stable,btc_correlation,47,80.85,18.94,4.62,6.77,10.98,13.45,5.29,1.02,4.36,11894.09,17.6
196,momentum_91_90,Momentum Strategy 91 - 4h 10p,momentum,119,57.98,16.66,4.6,2.55,4.02,10.16,3.52,2.32,2.79,11665.85,10.9
197,macd_743_32,MACD 743 - 12/21/9,macd,101,62.38,17.24,4.46,5.41,3.7,9.46,4.29,1.5,2.73,11724.37,12.8
198,hybrid_881_80,Hybrid 881 - MACD+VOLUME+EMA,hybrid,78,83.33,18.31,4.36,5.57,8.73,9.95,5.53,0.78,5.2,11830.72,11.6
199,momentum_146_145,Momentum Strategy 146 - 4h 30p,momentum,75,82.67,17.38,4.35,7.16,7.64,9.21,5.82,1.02,3.76,11738.18,12.7
200,momentum_6_5,Momentum Strategy 6 - 4h 50p,momentum,138,81.88,17.73,4.34,5.59,4.81,5.85,5.23,1.21,3.32,11772.75,7.0
201,btc_corr_518_107,BTC Correlation 518 - Negative,btc_correlation,46,82.61,17.93,4.34,6.27,14.39,14.99,4.96,0.79,4.88,11792.97,17.9
202,hybrid_872_71,Hybrid 872 - MACD+ATR+VOLUME,hybrid,111,64.86,16.88,4.33,8.61,4.97,13.13,4.77,1.99,2.92,11688.28,19.1
203,hybrid_898_97,Hybrid 898 - ATR+VOLUME+MACD,hybrid,51,78.43,17.18,4.3,2.1,7.94,16.81,7.42,1.23,3.96,11717.68,25.0
204,btc_corr_420_9,BTC Correlation 420 - Stable,btc_correlation,145,67.59,13.94,4.29,3.95,3.08,6.53,4.37,1.4,2.82,11394.4,7.2
205,breakout_390_99,Breakout 390 - 4h 100p,breakout,50,76.0,16.95,4.23,4.0,11.53,13.79,3.82,1.3,3.32,11695.44,19.0
206,btc_corr_482_71,BTC Correlation 482 - Divergence,btc_correlation,56,73.21,16.64,4.18,3.16,7.78,15.63,5.48,1.08,3.43,11663.79,21.8
207,macd_783_72,MACD 783 - 15/26/9,macd,40,82.5,16.59,4.08,6.24,11.53,13.35,5.46,0.83,3.54,11659.06,22.6
208,macd_800_89,MACD 800 - 12/21/9,macd,97,77.32,16.51,4.04,6.21,9.03,11.23,4.24,0.74,4.4,11650.55,14.0
209,momentum_31_30,Momentum Strategy 31 - 4h 20p,momentum,119,75.63,14.36,3.95,3.32,4.18,5.35,4.02,1.28,3.53,11435.67,6.1
210,macd_766_55,MACD 766 - 15/21/9,macd,71,67.61,16.21,3.95,5.62,6.8,11.45,3.49,0.86,4.41,11620.73,12.8
211,hybrid_841_40,Hybrid 841 - EMA+BB+VOLUME,hybrid,40,80.0,15.08,3.89,6.25,9.95,17.01,6.95,1.64,3.01,11507.74,32.3
212,breakout_391_100,Breakout 391 - 4h 30p,breakout,30,83.33,15.25,3.86,5.32,9.46,14.91,7.55,1.41,2.65,11525.44,26.5
213,momentum_30_29,Momentum Strategy 30 - 4h 14p,momentum,117,82.91,15.9,3.82,4.14,10.1,8.93,4.43,0.75,3.66,11590.21,12.4
214,hybrid_811_10,Hybrid 811 - MACD+RSI+ATR,hybrid,60,80.0,14.66,3.72,4.93,6.21,11.44,7.4,1.45,2.95,11465.63,21.9
215,momentum_47_46,Momentum Strategy 47 - 4h 10p,momentum,93,60.22,14.7,3.62,3.62,5.9,12.05,3.1,0.81,4.0,11470.42,10.2
216,momentum_35_34,Momentum Strategy 35 - 4h 30p,momentum,74,78.38,13.71,3.61,0.6,8.99,10.03,4.1,0.84,2.98,11370.86,16.5
217,momentum_149_148,Momentum Strategy 149 - 4h 20p,momentum,97,65.98,14.23,3.59,5.93,5.67,12.02,4.06,1.56,3.16,11423.36,12.7
218,btc_corr_502_91,BTC Correlation 502 - Negative,btc_correlation,90,77.78,13.54,3.56,6.92,3.4,7.3,7.35,2.63,2.2,11354.18,14.2
219,momentum_24_23,Momentum Strategy 24 - 4h 50p,momentum,45,77.78,13.97,3.51,4.39,9.28,12.66,4.67,1.34,4.0,11396.93,16.9
220,breakout_314_23,Breakout 314 - 4h 10p,breakout,24,79.17,13.37,3.46,4.03,9.88,17.16,6.57,0.92,3.36,11337.27,26.7
221,btc_corr_468_57,BTC Correlation 468 - Positive,btc_correlation,116,77.59,13.35,3.46,4.7,4.94,7.77,5.44,1.07,2.93,11335.32,12.2
222,swing_975_24,Swing 975 - 4h Trend,swing,12,75.0,11.35,3.44,0.66,14.5,28.88,6.16,1.56,2.14,11135.2,41.2
223,breakout_342_51,Breakout 342 - 4h 20p,breakout,41,82.93,12.21,3.43,3.28,7.01,9.47,6.43,1.6,2.47,11221.03,18.4
224,momentum_116_115,Momentum Strategy 116 - 4h 50p,momentum,55,81.82,12.85,3.38,3.44,16.64,11.4,3.09,0.71,3.75,11285.5,16.7
225,btc_corr_495_84,BTC Correlation 495 - Divergence,btc_correlation,78,76.92,13.65,3.36,3.78,11.13,11.93,3.57,0.67,4.53,11365.42,14.7
226,momentum_73_72,Momentum Strategy 73 - 4h 10p,momentum,152,78.29,12.5,3.29,2.31,5.04,5.46,3.85,0.88,4.09,11249.76,4.8
227,btc_corr_476_65,BTC Correlation 476 - Positive,btc_correlation,69,79.71,13.2,3.27,4.88,14.9,14.96,3.91,0.78,4.3,11319.81,20.9
228,breakout_331_40,Breakout 331 - 4h 100p,breakout,30,83.33,12.15,3.13,2.03,17.61,17.93,5.04,1.15,3.25,11215.07,32.7
229,btc_corr_412_1,BTC Correlation 412 - Divergence,btc_correlation,60,85.0,12.63,3.13,2.19,5.79,7.53,7.52,1.0,3.33,11262.54,12.5
230,btc_corr_517_106,BTC Correlation 517 - Divergence,btc_correlation,65,76.92,12.7,3.12,4.23,8.03,9.32,3.82,0.61,4.26,11270.13,10.4
231,macd_739_28,MACD 739 - 8/30/9,macd,46,76.09,12.6,3.1,5.28,6.25,11.37,5.79,1.09,3.16,11260.37,19.3
232,macd_795_84,MACD 795 - 15/21/11,macd,44,77.27,12.36,3.06,4.42,8.39,13.78,5.66,0.61,3.73,11235.58,21.0
233,momentum_51_50,Momentum Strategy 51 - 4h 14p,momentum,70,82.86,12.16,3.0,3.03,8.13,9.73,5.72,0.83,4.03,11215.96,11.8
234,btc_corr_473_62,BTC Correlation 473 - Divergence,btc_correlation,83,79.52,12.03,2.99,4.23,5.12,7.06,5.43,0.97,3.89,11202.59,8.6
235,momentum_56_55,Momentum Strategy 56 - 4h 20p,momentum,33,81.82,11.49,2.98,2.5,12.79,13.54,4.62,0.7,3.57,11149.35,18.5
236,macd_722_11,MACD 722 - 12/30/9,macd,93,68.82,11.6,2.9,3.57,4.72,9.59,4.47,1.18,3.34,11160.22,13.8
237,btc_corr_464_53,BTC Correlation 464 - Divergence,btc_correlation,54,83.33,11.77,2.89,4.08,14.85,16.46,5.43,0.46,4.39,11176.92,22.6
238,btc_corr_435_24,BTC Correlation 435 - Negative,btc_correlation,58,68.97,11.54,2.81,3.23,7.92,12.74,3.53,0.5,4.55,11153.99,13.7
239,momentum_124_123,Momentum Strategy 124 - 4h 30p,momentum,73,68.49,10.77,2.74,-0.03,4.78,8.24,3.76,0.58,3.5,11076.77,9.0
240,momentum_128_127,Momentum Strategy 128 - 4h 14p,momentum,54,50.0,10.65,2.68,3.55,4.34,13.46,3.04,0.86,3.13,11065.3,12.6
241,breakout_315_24,Breakout 315 - 4h 30p,breakout,23,69.57,9.65,2.62,2.5,7.37,15.32,4.72,0.88,2.83,10965.28,21.5
242,macd_786_75,MACD 786 - 8/21/7,macd,99,75.76,10.67,2.62,3.35,5.45,7.85,4.49,0.75,4.36,11067.47,8.8
243,breakout_387_96,Breakout 387 - 4h 30p,breakout,45,75.56,9.29,2.61,4.76,4.59,9.52,6.49,1.05,2.86,10929.11,11.7
244,momentum_11_10,Momentum Strategy 11 - 4h 14p,momentum,54,74.07,10.27,2.56,3.72,6.75,9.43,3.9,0.97,3.6,11027.22,13.0
245,momentum_103_102,Momentum Strategy 103 - 4h 20p,momentum,42,61.9,10.07,2.54,4.97,5.11,13.76,4.35,1.03,3.12,11007.25,16.7
246,momentum_27_26,Momentum Strategy 27 - 4h 50p,momentum,129,62.79,9.81,2.52,0.33,4.77,8.29,2.93,0.69,3.51,10980.94,7.6
247,macd_768_57,MACD 768 - 15/30/9,macd,51,60.78,9.59,2.39,3.68,4.71,14.79,4.87,1.02,2.94,10959.35,18.2
248,momentum_132_131,Momentum Strategy 132 - 4h 30p,momentum,56,55.36,9.06,2.32,3.2,3.9,10.82,3.38,1.24,2.74,10906.08,11.2
249,breakout_381_90,Breakout 381 - 4h 30p,breakout,34,79.41,8.33,2.32,1.41,8.7,8.78,3.85,0.71,3.26,10833.16,10.5
250,breakout_366_75,Breakout 366 - 4h 10p,breakout,32,62.5,8.3,2.24,2.07,5.19,17.19,5.38,1.34,2.21,10830.5,25.2
251,momentum_50_49,Momentum Strategy 50 - 4h 50p,momentum,164,76.22,8.68,2.23,2.66,3.57,5.73,5.18,1.68,2.72,10868.38,7.8
252,momentum_83_82,Momentum Strategy 83 - 4h 20p,momentum,101,75.25,8.16,2.17,2.22,3.35,6.13,5.61,1.14,2.29,10816.48,11.0
253,btc_corr_490_79,BTC Correlation 490 - Positive,btc_correlation,95,81.05,8.38,2.16,3.3,7.43,8.25,4.79,0.58,3.59,10837.64,12.3
254,momentum_70_69,Momentum Strategy 70 - 4h 30p,momentum,127,67.72,8.07,2.04,2.07,6.52,9.88,3.15,0.49,3.55,10806.67,11.8
255,btc_corr_416_5,BTC Correlation 416 - Stable,btc_correlation,73,78.08,8.11,2.03,2.45,7.7,7.12,3.24,0.37,4.13,10811.1,9.0
256,btc_corr_452_41,BTC Correlation 452 - Divergence,btc_correlation,124,69.35,8.17,2.0,2.18,4.98,7.83,3.58,0.78,4.1,10816.66,7.0
257,momentum_71_70,Momentum Strategy 71 - 4h 30p,momentum,46,63.04,8.05,1.96,1.97,7.88,15.58,3.38,0.43,3.96,10805.24,13.6
258,momentum_4_3,Momentum Strategy 4 - 4h 20p,momentum,55,70.91,7.47,1.94,1.4,7.36,11.91,4.01,0.95,2.76,10746.55,17.6
259,btc_corr_470_59,BTC Correlation 470 - Negative,btc_correlation,55,70.91,7.5,1.84,1.72,6.39,11.2,4.24,0.61,3.71,10749.94,13.8
260,momentum_76_75,Momentum Strategy 76 - 4h 50p,momentum,59,64.41,7.13,1.83,1.31,5.88,10.22,3.15,0.41,3.96,10712.61,8.9
261,momentum_114_113,Momentum Strategy 114 - 4h 10p,momentum,48,77.08,7.15,1.8,1.95,9.79,11.7,3.94,0.45,3.71,10714.61,16.8
262,momentum_52_51,Momentum Strategy 52 - 4h 20p,momentum,69,78.26,6.89,1.77,1.54,6.19,8.64,4.93,0.65,3.09,10688.5,12.9
263,btc_corr_488_77,BTC Correlation 488 - Stable,btc_correlation,91,71.43,6.93,1.75,2.27,4.67,6.55,3.52,0.5,3.97,10692.53,7.1
264,breakout_403_112,Breakout 403 - 4h 100p,breakout,27,70.37,6.31,1.62,0.66,4.27,9.76,5.41,1.33,2.16,10630.56,13.9
265,swing_951_0,Swing 951 - 4h Trend,swing,10,70.0,5.27,1.56,1.71,7.98,31.12,9.24,1.12,2.2,10526.51,31.4
266,momentum_74_73,Momentum Strategy 74 - 4h 20p,momentum,99,77.78,6.0,1.53,2.53,4.69,6.54,4.86,0.54,3.37,10599.95,8
267,momentum_53_52,Momentum Strategy 53 - 4h 10p,momentum,58,77.59,5.76,1.47,1.6,6.44,10.74,5.81,0.45,2.74,10576.01,18.9
268,momentum_138_137,Momentum Strategy 138 - 4h 14p,momentum,56,62.5,5.6,1.44,2.24,5.56,11.41,3.4,0.64,2.28,10559.98,18.7
269,hybrid_823_22,Hybrid 823 - ATR+EMA+BB,hybrid,86,70.93,5.4,1.35,2.15,3.97,7.78,4.72,0.43,3.31,10540.07,10.2
270,swing_977_26,Swing 977 - 4h Trend,swing,16,62.5,5.04,1.28,0.75,3.1,21.98,11.32,2.23,1.52,10504.19,18.8
271,momentum_41_40,Momentum Strategy 41 - 4h 50p,momentum,93,81.72,4.82,1.25,1.11,5.3,6.45,5.41,0.33,2.97,10481.95,10.5
272,mean_reversion_240_89,"Mean Reversion 240 - BB(50,2.0)",mean_reversion,27,74.07,4.74,1.17,1.24,4.04,8.35,6.16,1.68,0.31,10473.55,12.4
273,momentum_59_58,Momentum Strategy 59 - 4h 20p,momentum,57,54.39,4.3,1.07,1.37,5.77,14.97,3.09,0.3,4.12,10429.62,11.1
274,momentum_66_65,Momentum Strategy 66 - 4h 14p,momentum,73,82.19,4.28,1.06,1.07,4.33,6.07,6.47,0.44,3.21,10428.12,7.7
275,mean_reversion_272_121,"Mean Reversion 272 - BB(20,1.5)",mean_reversion,52,80.77,4.1,1.01,0.92,4.11,5.57,5.68,0.37,0.61,10409.95,8.0
276,mean_reversion_173_22,"Mean Reversion 173 - BB(50,1.5)",mean_reversion,23,52.17,3.35,0.83,0.77,2.67,10.55,4.34,1.3,0.35,10334.63,10.3
277,mean_reversion_229_78,"Mean Reversion 229 - BB(20,1.5)",mean_reversion,35,74.29,3.36,0.83,0.74,3.71,5.06,3.99,0.95,0.39,10335.69,9.1
278,mean_reversion_288_137,"Mean Reversion 288 - BB(20,2.0)",mean_reversion,19,84.21,3.08,0.76,0.69,5.85,5.43,4.86,0.68,0.42,10307.66,8.7
279,mean_reversion_192_41,"Mean Reversion 192 - BB(50,2.0)",mean_reversion,17,64.71,2.69,0.67,0.68,3.92,8.2,3.88,1.0,0.34,10269.16,8.1
280,mean_reversion_164_13,"Mean Reversion 164 - BB(20,1.5)",mean_reversion,23,60.87,1.57,0.4,0.7,1.9,6.5,5.27,1.54,0.2,10156.94,6.3
281,mean_reversion_163_12,"Mean Reversion 163 - BB(20,2.0)",mean_reversion,26,84.62,1.59,0.39,0.36,3.68,5.51,8.22,0.56,0.38,10158.69,8.5
282,mean_reversion_187_36,"Mean Reversion 187 - BB(14,1.5)",mean_reversion,10,80.0,0.89,0.22,0.11,4.84,4.87,4.01,0.3,0.27,10088.73,7.4
283,mean_reversion_222_71,"Mean Reversion 222 - BB(30,2.0)",mean_reversion,20,60.0,0.89,0.22,0.34,1.52,6.35,6.39,1.13,0.1,10088.72,11.6
284,mean_reversion_254_103,"Mean Reversion 254 - BB(20,1.5)",mean_reversion,13,69.23,0.44,0.11,0.1,1.86,4.04,4.75,0.75,0.38,10044.27,7.1
